<?xml version="1.0" encoding="UTF-8"?>

<!DOCTYPE Diagram SYSTEM "rtdsDiagram.dtd">

<Diagram language="sdl" type="sys" defaultColorsNeedFixing="FALSE" name="SDL_Diagram" showMsgData="full" linksCrossingAllowed="FALSE" cellWidthMm="4">

<DiagramPartition name="Declarations" nbPagesH="1" nbPagesV="1">
<PageSpecification pageWidth="21" pageHeight="29.7" topMargin="0" bottomMargin="0" leftMargin="0" rightMargin="0" pageFooter="FALSE" scaleFactor="1.0"/>

<Symbol symbolId="SYMB1" type="sdlSysDgmFrm" xCenter="297" yCenter="420" fixedDimensions="TRUE" width="551" height="775" color="-" fillColor="-">
<Description></Description>
<Text></Text>

<Symbol symbolId="SYMB2" type="sdlText" xCenter="209" yCenter="110" fixedDimensions="FALSE" width="44" height="44" color="#000000" fillColor="#FFFFFF">
<Description></Description>
<Text>
</Text>
</Symbol>
</Symbol>
</DiagramPartition>

<DiagramPartition name="Architecture" nbPagesH="1" nbPagesV="1">
<PageSpecification pageWidth="21" pageHeight="29.7" topMargin="0" bottomMargin="0" leftMargin="0" rightMargin="0" pageFooter="FALSE" scaleFactor="1.0"/>

<Symbol symbolId="SYMB3" type="sdlSysDgmFrm" xCenter="297" yCenter="420" fixedDimensions="TRUE" width="551" height="775" color="-" fillColor="-">
<Description></Description>
<Text></Text>
</Symbol>
</DiagramPartition>

</Diagram>
