<?xml version="1.0" encoding="UTF-8"?>

<!DOCTYPE DictionaryObjects SYSTEM "rtdsDictionaryObjects.dtd">

<DictionaryObjects version="11340" language="none" diagramType="msc">
<Item id="ITEM1" type="package" name="" scope="current" formalParameterOrder="-" isFormalParam="FALSE" isSyntype="FALSE">
</Item>
<Item id="ITEM2" type="process" name="Cámara" scope="global" defined="FALSE" anchorItemId="ITEM1" searchPolicy="1" formalParameterOrder="-" isFormalParam="FALSE" isSyntype="FALSE">
<AlternateType type="system"/>
<AlternateType type="block"/>
<UsingSymbols>
<SymbolReference symbolId="_LIFELINE_0"/>
</UsingSymbols>
</Item>
<Item id="ITEM3" type="process" name="Micrófono" scope="global" defined="FALSE" anchorItemId="ITEM1" searchPolicy="1" formalParameterOrder="-" isFormalParam="FALSE" isSyntype="FALSE">
<AlternateType type="system"/>
<AlternateType type="block"/>
<UsingSymbols>
<SymbolReference symbolId="_LIFELINE_1"/>
</UsingSymbols>
</Item>
<Item id="ITEM4" type="process" name="Sensor de Movimiento" scope="global" defined="FALSE" anchorItemId="ITEM1" searchPolicy="1" formalParameterOrder="-" isFormalParam="FALSE" isSyntype="FALSE">
<AlternateType type="system"/>
<AlternateType type="block"/>
<UsingSymbols>
<SymbolReference symbolId="_LIFELINE_2"/>
</UsingSymbols>
</Item>
<Item id="ITEM5" type="process" name="Controlador" scope="global" defined="FALSE" anchorItemId="ITEM1" searchPolicy="1" formalParameterOrder="-" isFormalParam="FALSE" isSyntype="FALSE">
<AlternateType type="system"/>
<AlternateType type="block"/>
<UsingSymbols>
<SymbolReference symbolId="_LIFELINE_3"/>
</UsingSymbols>
</Item>
<Item id="ITEM6" type="process" name="Administrador" scope="global" defined="FALSE" anchorItemId="ITEM1" searchPolicy="1" formalParameterOrder="-" isFormalParam="FALSE" isSyntype="FALSE">
<AlternateType type="system"/>
<AlternateType type="block"/>
<UsingSymbols>
<SymbolReference symbolId="_LIFELINE_8"/>
</UsingSymbols>
</Item>
<Item id="ITEM7" type="process" name="Base de Datos" scope="global" defined="FALSE" anchorItemId="ITEM1" searchPolicy="1" formalParameterOrder="-" isFormalParam="FALSE" isSyntype="FALSE">
<AlternateType type="system"/>
<AlternateType type="block"/>
<UsingSymbols>
<SymbolReference symbolId="_LIFELINE_4"/>
</UsingSymbols>
</Item>
<Item id="ITEM8" type="process" name="Servidor" scope="global" defined="FALSE" anchorItemId="ITEM1" searchPolicy="1" formalParameterOrder="-" isFormalParam="FALSE" isSyntype="FALSE">
<AlternateType type="system"/>
<AlternateType type="block"/>
<UsingSymbols>
<SymbolReference symbolId="_LIFELINE_5"/>
</UsingSymbols>
</Item>
<Item id="ITEM9" type="process" name="Dispositivo de Cómputo" scope="global" defined="FALSE" anchorItemId="ITEM1" searchPolicy="1" formalParameterOrder="-" isFormalParam="FALSE" isSyntype="FALSE">
<AlternateType type="system"/>
<AlternateType type="block"/>
<UsingSymbols>
<SymbolReference symbolId="_LIFELINE_6"/>
</UsingSymbols>
</Item>
</DictionaryObjects>
