<?xml version="1.0" encoding="UTF-8"?>

<!DOCTYPE DictionaryObjects SYSTEM "rtdsDictionaryObjects.dtd">

<DictionaryObjects version="11340" language="none" diagramType="blk">
<Item id="ITEM1" type="block" name="Nube" scope="current" formalParameterOrder="-" isFormalParam="FALSE" isSyntype="FALSE">
<UsingSymbols>
<SymbolReference symbolId="SYMB1"/>
</UsingSymbols>
<SignalWindow id="SIGWDW3" insideDiagram="TRUE">
<ConnectorReference linkId="LINK1" isFrom="TRUE"/>
</SignalWindow>
<Channel name="(cSer_Nube)" fromSignalWindow="SIGWDW3" toSignalWindow="SIGWDW1"/>
</Item>
<Item id="ITEM2" type="process" name="Proceso_BD" parentId="ITEM1" scope="none" minInstances="1" formalParameterOrder="-" isFormalParam="FALSE" isSyntype="FALSE">
<DefiningSymbols>
<SymbolReference symbolId="SYMB2"/>
</DefiningSymbols>
<UsingSymbols>
<SymbolReference symbolId="SYMB2"/>
</UsingSymbols>
<SignalWindow id="SIGWDW1" insideDiagram="FALSE">
<ConnectorReference linkId="LINK1" isFrom="FALSE"/>
</SignalWindow>
<SignalWindow id="SIGWDW2" insideDiagram="FALSE">
<ConnectorReference linkId="LINK3" isFrom="TRUE"/>
</SignalWindow>
</Item>
</DictionaryObjects>
