<?xml version="1.0" encoding="UTF-8"?>

<!DOCTYPE DictionaryObjects SYSTEM "rtdsDictionaryObjects.dtd">

<DictionaryObjects version="11340" language="none" diagramType="blk">
<Signal id="SIG1" name="info">
<DefiningSymbols>
<SymbolReference symbolId="SYMB4" positions="1,15"/>
</DefiningSymbols>
</Signal>
<Signal id="SIG10" name="td">
</Signal>
<Signal id="SIG11" name="lt">
</Signal>
<Signal id="SIG2" name="errorFound">
<DefiningSymbols>
<SymbolReference symbolId="SYMB4" positions="2,7"/>
</DefiningSymbols>
</Signal>
<Signal id="SIG3" name="answer">
<DefiningSymbols>
<SymbolReference symbolId="SYMB4" positions="1,7"/>
</DefiningSymbols>
</Signal>
<Signal id="SIG4" name="dropData">
<DefiningSymbols>
<SymbolReference symbolId="SYMB4" positions="2,19"/>
</DefiningSymbols>
</Signal>
<Signal id="SIG5" name="sendInfoRe">
<DefiningSymbols>
<SymbolReference symbolId="SYMB4" positions="3,7"/>
</DefiningSymbols>
</Signal>
<Signal id="SIG6" name="ansRequest">
<SignalParameterType>ans</SignalParameterType>
<SignalParameterTypeId typeItemId="ITEM3"/>
<DefiningSymbols>
<SymbolReference symbolId="SYMB4" positions="0,7"/>
</DefiningSymbols>
</Signal>
<Signal id="SIG7" name="requestInfo">
<SignalParameterType>request</SignalParameterType>
<SignalParameterTypeId typeItemId="ITEM2"/>
<DefiningSymbols>
<SymbolReference symbolId="SYMB4" positions="0,24"/>
</DefiningSymbols>
</Signal>
<Signal id="SIG8" name="sendInfo">
</Signal>
<Signal id="SIG9" name="isInfo">
</Signal>
<Item id="ITEM1" type="block" name="Nube" scope="current" formalParameterOrder="-" isFormalParam="FALSE" isSyntype="FALSE">
<UsingSymbols>
<SymbolReference symbolId="SYMB1"/>
</UsingSymbols>
<SignalWindow id="SIGWDW4" insideDiagram="TRUE">
<ConnectorReference linkId="LINK13" isFrom="TRUE"/>
<SentSignals>
<SignalReference id="SIG8"/>
<SignalReference id="SIG9"/>
<SignalReference id="SIG10"/>
<SignalReference id="SIG11"/>
</SentSignals>
<ReceivedSignals>
<SignalReference id="SIG7"/>
<SignalReference id="SIG2"/>
</ReceivedSignals>
</SignalWindow>
<SignalWindow id="SIGWDW5" insideDiagram="TRUE">
<ConnectorReference linkId="LINK14" isFrom="TRUE"/>
<SentSignals>
<SignalReference id="SIG7"/>
</SentSignals>
<ReceivedSignals>
<SignalReference id="SIG6"/>
<SignalReference id="SIG10"/>
</ReceivedSignals>
</SignalWindow>
<Channel name="(cSerNube)" fromSignalWindow="SIGWDW4" toSignalWindow="SIGWDW1"/>
<Channel name="cServUser" fromSignalWindow="SIGWDW5" toSignalWindow="SIGWDW2"/>
</Item>
<Item id="ITEM2" type="type" name="request" scope="global" defined="FALSE" anchorItemId="ITEM1" searchPolicy="-1" formalParameterOrder="-" isFormalParam="FALSE" isSyntype="FALSE">
<UsingSymbols>
<SymbolReference symbolId="SYMB4"/>
</UsingSymbols>
</Item>
<Item id="ITEM3" type="type" name="ans" scope="global" defined="FALSE" anchorItemId="ITEM1" searchPolicy="-1" formalParameterOrder="-" isFormalParam="FALSE" isSyntype="FALSE">
<UsingSymbols>
<SymbolReference symbolId="SYMB4"/>
</UsingSymbols>
</Item>
<Item id="ITEM4" type="process" name="Proceso_BD" parentId="ITEM1" scope="none" minInstances="1" formalParameterOrder="-" isFormalParam="FALSE" isSyntype="FALSE">
<DefiningSymbols>
<SymbolReference symbolId="SYMB2"/>
</DefiningSymbols>
<UsingSymbols>
<SymbolReference symbolId="SYMB2"/>
</UsingSymbols>
<SignalWindow id="SIGWDW1" insideDiagram="FALSE">
<ConnectorReference linkId="LINK13" isFrom="FALSE"/>
<SentSignals>
<SignalReference id="SIG7"/>
<SignalReference id="SIG2"/>
</SentSignals>
<ReceivedSignals>
<SignalReference id="SIG8"/>
<SignalReference id="SIG9"/>
<SignalReference id="SIG10"/>
<SignalReference id="SIG11"/>
</ReceivedSignals>
</SignalWindow>
<SignalWindow id="SIGWDW2" insideDiagram="FALSE">
<ConnectorReference linkId="LINK14" isFrom="FALSE"/>
<SentSignals>
<SignalReference id="SIG6"/>
<SignalReference id="SIG10"/>
</SentSignals>
<ReceivedSignals>
<SignalReference id="SIG7"/>
</ReceivedSignals>
</SignalWindow>
<SignalWindow id="SIGWDW3" insideDiagram="FALSE">
<ConnectorReference linkId="LINK12" isFrom="TRUE"/>
<SentSignals>
<SignalReference id="SIG8"/>
<SignalReference id="SIG9"/>
<SignalReference id="SIG4"/>
</SentSignals>
<ReceivedSignals>
<SignalReference id="SIG3"/>
<SignalReference id="SIG1"/>
<SignalReference id="SIG2"/>
</ReceivedSignals>
</SignalWindow>
</Item>
</DictionaryObjects>
