<?xml version="1.0" encoding="UTF-8"?>

<!DOCTYPE DictionaryObjects SYSTEM "rtdsDictionaryObjects.dtd">

<DictionaryObjects version="11340" language="sdl" diagramType="prcs">
<Signal id="SIG1" name="sendInfo">
<UsingSymbols>
<SymbolReference symbolId="SYM12" usingKind="output"/>
<SymbolReference symbolId="SYM11" usingKind="input"/>
</UsingSymbols>
</Signal>
<Signal id="SIG2" name="warning">
<UsingSymbols>
<SymbolReference symbolId="SYM15" usingKind="output"/>
<SymbolReference symbolId="SYM14" usingKind="input"/>
</UsingSymbols>
</Signal>
<Item id="ITEM1" type="process" name="Proceso_ControSer" scope="current" formalParameterOrder="-" isFormalParam="FALSE" isSyntype="FALSE">
<Body>
<SentSignals>
<SignalReference id="SIG1"/>
<SignalReference id="SIG2"/>
</SentSignals>
<ReceivedSignals>
<SignalReference id="SIG1"/>
<SignalReference id="SIG2"/>
</ReceivedSignals>
</Body>
</Item>
<Item id="ITEM2" type="variable" name="senal" scope="global" defined="FALSE" anchorItemId="ITEM1" searchPolicy="-1" formalParameterOrder="-" isFormalParam="FALSE" isSyntype="FALSE">
<UsingSymbols>
<SymbolReference symbolId="SYM15"/>
<SymbolReference symbolId="SYM14"/>
</UsingSymbols>
</Item>
<Item id="ITEM3" type="variable" name="device" scope="global" defined="FALSE" anchorItemId="ITEM1" searchPolicy="-1" formalParameterOrder="-" isFormalParam="FALSE" isSyntype="FALSE">
<UsingSymbols>
<SymbolReference symbolId="SYM15"/>
<SymbolReference symbolId="SYM14"/>
</UsingSymbols>
</Item>
<Item id="ITEM4" type="variable" name="info" scope="global" defined="FALSE" anchorItemId="ITEM1" searchPolicy="-1" formalParameterOrder="-" isFormalParam="FALSE" isSyntype="FALSE">
<UsingSymbols>
<SymbolReference symbolId="SYM12"/>
<SymbolReference symbolId="SYM11"/>
</UsingSymbols>
</Item>
<Item id="ITEM5" type="state" name="Comunicaciones" parentId="ITEM1" scope="none" formalParameterOrder="-" isFormalParam="FALSE" isSyntype="FALSE">
<DefiningSymbols>
<SymbolReference symbolId="SYM10"/>
</DefiningSymbols>
</Item>
</DictionaryObjects>
