<?xml version="1.0" encoding="UTF-8"?>

<!DOCTYPE DictionaryObjects SYSTEM "rtdsDictionaryObjects.dtd">

<DictionaryObjects version="11340" language="sdl" diagramType="prcs">
<Signal id="SIG1" name="warning">
<UsingSymbols>
<SymbolReference symbolId="SYM3" usingKind="output"/>
<SymbolReference symbolId="SYM2" usingKind="input"/>
</UsingSymbols>
</Signal>
<Item id="ITEM1" type="process" name="Proceso_SerAdmi" scope="current" formalParameterOrder="-" isFormalParam="FALSE" isSyntype="FALSE">
<Body>
<SentSignals>
<SignalReference id="SIG1"/>
</SentSignals>
<ReceivedSignals>
<SignalReference id="SIG1"/>
</ReceivedSignals>
</Body>
</Item>
<Item id="ITEM2" type="variable" name="senal" scope="global" defined="FALSE" anchorItemId="ITEM1" searchPolicy="-1" formalParameterOrder="-" isFormalParam="FALSE" isSyntype="FALSE">
<UsingSymbols>
<SymbolReference symbolId="SYM3"/>
<SymbolReference symbolId="SYM2"/>
</UsingSymbols>
</Item>
<Item id="ITEM3" type="variable" name="device" scope="global" defined="FALSE" anchorItemId="ITEM1" searchPolicy="-1" formalParameterOrder="-" isFormalParam="FALSE" isSyntype="FALSE">
<UsingSymbols>
<SymbolReference symbolId="SYM3"/>
<SymbolReference symbolId="SYM2"/>
</UsingSymbols>
</Item>
<Item id="ITEM4" type="state" name="Problemon" parentId="ITEM1" scope="none" formalParameterOrder="-" isFormalParam="FALSE" isSyntype="FALSE">
<DefiningSymbols>
<SymbolReference symbolId="SYM1"/>
</DefiningSymbols>
</Item>
</DictionaryObjects>
