<?xml version="1.0" encoding="UTF-8"?>

<!DOCTYPE DictionaryObjects SYSTEM "rtdsDictionaryObjects.dtd">

<DictionaryObjects version="11340" language="sdl" diagramType="prcs">
<Signal id="SIG1" name="td">
<DefiningSymbols>
<SymbolReference symbolId="SYM13"/>
</DefiningSymbols>
<UsingSymbols>
<SymbolReference symbolId="SYM18" usingKind="output"/>
</UsingSymbols>
</Signal>
<Signal id="SIG2" name="lt">
<DefiningSymbols>
<SymbolReference symbolId="SYM13"/>
</DefiningSymbols>
<UsingSymbols>
<SymbolReference symbolId="SYM24" usingKind="output"/>
</UsingSymbols>
</Signal>
<Signal id="SIG3" name="requestInfo">
<UsingSymbols>
<SymbolReference symbolId="SYM3" usingKind="input"/>
</UsingSymbols>
</Signal>
<Signal id="SIG4" name="isInfo">
<UsingSymbols>
<SymbolReference symbolId="SYM9" usingKind="output"/>
</UsingSymbols>
</Signal>
<Signal id="SIG5" name="errorFound">
<UsingSymbols>
<SymbolReference symbolId="SYM11" usingKind="output"/>
<SymbolReference symbolId="SYM4" usingKind="input"/>
</UsingSymbols>
</Signal>
<Signal id="SIG6" name="time">
<UsingSymbols>
<SymbolReference symbolId="SYM14" usingKind="input"/>
</UsingSymbols>
</Signal>
<Item id="ITEM1" type="process" name="ProcesoAcciones" scope="current" formalParameterOrder="-" isFormalParam="FALSE" isSyntype="FALSE">
<Body>
<SentSignals>
<SignalReference id="SIG4"/>
<SignalReference id="SIG5"/>
<SignalReference id="SIG1"/>
<SignalReference id="SIG2"/>
</SentSignals>
<ReceivedSignals>
<SignalReference id="SIG3"/>
<SignalReference id="SIG5"/>
<SignalReference id="SIG6"/>
</ReceivedSignals>
</Body>
</Item>
<Item id="ITEM2" type="variable" name="request" scope="global" defined="FALSE" anchorItemId="ITEM1" searchPolicy="-1" formalParameterOrder="-" isFormalParam="FALSE" isSyntype="FALSE">
<UsingSymbols>
<SymbolReference symbolId="SYM3"/>
</UsingSymbols>
</Item>
<Item id="ITEM3" type="variable" name="true" scope="global" defined="FALSE" anchorItemId="ITEM1" searchPolicy="-1" formalParameterOrder="-" isFormalParam="FALSE" isSyntype="FALSE">
<UsingSymbols>
<SymbolReference symbolId="SYM22"/>
<SymbolReference symbolId="SYM16"/>
</UsingSymbols>
</Item>
<Item id="ITEM4" type="variable" name="time" scope="global" defined="FALSE" anchorItemId="ITEM1" searchPolicy="-1" formalParameterOrder="-" isFormalParam="FALSE" isSyntype="FALSE">
<UsingSymbols>
<SymbolReference symbolId="SYM15"/>
</UsingSymbols>
</Item>
<Item id="ITEM5" type="variable" name="L" scope="global" defined="FALSE" anchorItemId="ITEM1" searchPolicy="-1" formalParameterOrder="-" isFormalParam="FALSE" isSyntype="FALSE">
<UsingSymbols>
<SymbolReference symbolId="SYM15"/>
</UsingSymbols>
</Item>
<Item id="ITEM6" type="variable" name="false" scope="global" defined="FALSE" anchorItemId="ITEM1" searchPolicy="-1" formalParameterOrder="-" isFormalParam="FALSE" isSyntype="FALSE">
<UsingSymbols>
<SymbolReference symbolId="SYM17"/>
<SymbolReference symbolId="SYM23"/>
</UsingSymbols>
</Item>
<Item id="ITEM7" type="state" name="Senales" parentId="ITEM1" scope="none" formalParameterOrder="-" isFormalParam="FALSE" isSyntype="FALSE">
<DefiningSymbols>
<SymbolReference symbolId="SYM2"/>
</DefiningSymbols>
</Item>
</DictionaryObjects>
