<?xml version="1.0" encoding="UTF-8"?>

<!DOCTYPE DictionaryObjects SYSTEM "rtdsDictionaryObjects.dtd">

<DictionaryObjects version="11340" language="sdl" diagramType="prcs">
<Signal id="SIG1" name="sendInfo">
<UsingSymbols>
<SymbolReference symbolId="SYM3" usingKind="output"/>
<SymbolReference symbolId="SYM2" usingKind="input"/>
</UsingSymbols>
</Signal>
<Signal id="SIG10" name="isInfo">
<UsingSymbols>
<SymbolReference symbolId="SYM45" usingKind="output"/>
<SymbolReference symbolId="SYM44" usingKind="input"/>
</UsingSymbols>
</Signal>
<Signal id="SIG2" name="td">
<UsingSymbols>
<SymbolReference symbolId="SYM27" usingKind="output"/>
<SymbolReference symbolId="SYM26" usingKind="input"/>
</UsingSymbols>
</Signal>
<Signal id="SIG3" name="requestInfo">
<UsingSymbols>
<SymbolReference symbolId="SYM31" usingKind="output"/>
<SymbolReference symbolId="SYM30" usingKind="input"/>
</UsingSymbols>
</Signal>
<Signal id="SIG4" name="lt">
<UsingSymbols>
<SymbolReference symbolId="SYM39" usingKind="input"/>
</UsingSymbols>
</Signal>
<Signal id="SIG5" name="dropData">
<UsingSymbols>
<SymbolReference symbolId="SYM40" usingKind="output"/>
</UsingSymbols>
</Signal>
<Signal id="SIG6" name="answer">
<UsingSymbols>
<SymbolReference symbolId="SYM9" usingKind="input"/>
</UsingSymbols>
</Signal>
<Signal id="SIG7" name="info">
<UsingSymbols>
<SymbolReference symbolId="SYM16" usingKind="input"/>
</UsingSymbols>
</Signal>
<Signal id="SIG8" name="ansRequest">
<UsingSymbols>
<SymbolReference symbolId="SYM17" usingKind="output"/>
<SymbolReference symbolId="SYM21" usingKind="output"/>
</UsingSymbols>
</Signal>
<Signal id="SIG9" name="errorFound">
<UsingSymbols>
<SymbolReference symbolId="SYM25" usingKind="output"/>
<SymbolReference symbolId="SYM20" usingKind="input"/>
</UsingSymbols>
</Signal>
<Item id="ITEM1" type="process" name="Proceso_BD" scope="current" formalParameterOrder="-" isFormalParam="FALSE" isSyntype="FALSE">
<Body>
<SentSignals>
<SignalReference id="SIG3"/>
<SignalReference id="SIG8"/>
<SignalReference id="SIG2"/>
<SignalReference id="SIG5"/>
<SignalReference id="SIG1"/>
<SignalReference id="SIG9"/>
<SignalReference id="SIG10"/>
</SentSignals>
<ReceivedSignals>
<SignalReference id="SIG6"/>
<SignalReference id="SIG3"/>
<SignalReference id="SIG9"/>
<SignalReference id="SIG2"/>
<SignalReference id="SIG1"/>
<SignalReference id="SIG4"/>
<SignalReference id="SIG7"/>
<SignalReference id="SIG10"/>
</ReceivedSignals>
</Body>
</Item>
<Item id="ITEM2" type="variable" name="request" scope="global" defined="FALSE" anchorItemId="ITEM1" searchPolicy="-1" formalParameterOrder="-" isFormalParam="FALSE" isSyntype="FALSE">
<UsingSymbols>
<SymbolReference symbolId="SYM31"/>
<SymbolReference symbolId="SYM30"/>
</UsingSymbols>
</Item>
<Item id="ITEM3" type="variable" name="errorFound" scope="global" defined="FALSE" anchorItemId="ITEM1" searchPolicy="-1" formalParameterOrder="-" isFormalParam="FALSE" isSyntype="FALSE">
<UsingSymbols>
<SymbolReference symbolId="SYM23"/>
</UsingSymbols>
</Item>
<Item id="ITEM4" type="variable" name="true" scope="global" defined="FALSE" anchorItemId="ITEM1" searchPolicy="-1" formalParameterOrder="-" isFormalParam="FALSE" isSyntype="FALSE">
<UsingSymbols>
<SymbolReference symbolId="SYM11"/>
</UsingSymbols>
</Item>
<Item id="ITEM5" type="variable" name="ans" scope="global" defined="FALSE" anchorItemId="ITEM1" searchPolicy="-1" formalParameterOrder="-" isFormalParam="FALSE" isSyntype="FALSE">
<UsingSymbols>
<SymbolReference symbolId="SYM22"/>
<SymbolReference symbolId="SYM23"/>
<SymbolReference symbolId="SYM17"/>
<SymbolReference symbolId="SYM21"/>
</UsingSymbols>
</Item>
<Item id="ITEM6" type="variable" name="false" scope="global" defined="FALSE" anchorItemId="ITEM1" searchPolicy="-1" formalParameterOrder="-" isFormalParam="FALSE" isSyntype="FALSE">
<UsingSymbols>
<SymbolReference symbolId="SYM12"/>
</UsingSymbols>
</Item>
<Item id="ITEM7" type="variable" name="info" scope="global" defined="FALSE" anchorItemId="ITEM1" searchPolicy="-1" formalParameterOrder="-" isFormalParam="FALSE" isSyntype="FALSE">
<UsingSymbols>
<SymbolReference symbolId="SYM44"/>
<SymbolReference symbolId="SYM45"/>
<SymbolReference symbolId="SYM3"/>
<SymbolReference symbolId="SYM22"/>
<SymbolReference symbolId="SYM2"/>
</UsingSymbols>
</Item>
<Item id="ITEM8" type="state" name="Comunicaciones" parentId="ITEM1" scope="none" formalParameterOrder="-" isFormalParam="FALSE" isSyntype="FALSE">
<DefiningSymbols>
<SymbolReference symbolId="SYM1"/>
</DefiningSymbols>
</Item>
<Item id="ITEM9" type="state" name="Respuesta" parentId="ITEM1" scope="none" formalParameterOrder="-" isFormalParam="FALSE" isSyntype="FALSE">
<DefiningSymbols>
<SymbolReference symbolId="SYM8"/>
</DefiningSymbols>
<UsingSymbols>
<SymbolReference symbolId="SYM46"/>
</UsingSymbols>
</Item>
</DictionaryObjects>
