<?xml version="1.0" encoding="UTF-8"?>

<!DOCTYPE DictionaryObjects SYSTEM "rtdsDictionaryObjects.dtd">

<DictionaryObjects version="11340" language="none" diagramType="sys">
<Signal id="SIG1" name="sendInfo">
</Signal>
<Signal id="SIG2" name="turnCamera">
</Signal>
<Signal id="SIG3" name="turnMic">
</Signal>
<Signal id="SIG4" name="busy">
</Signal>
<Signal id="SIG5" name="move">
</Signal>
<Signal id="SIG6" name="warning">
</Signal>
<Item id="ITEM1" type="system" name="SDL_Diagram" scope="current" formalParameterOrder="-" isFormalParam="FALSE" isSyntype="FALSE">
<UsingSymbols>
<SymbolReference symbolId="SYMB1"/>
</UsingSymbols>
<SignalWindow id="SIGWDW16" insideDiagram="TRUE">
<ConnectorReference linkId="LINK32" isFrom="FALSE"/>
<Connections>
<Connection name="(cMundoSoporte)"/>
</Connections>
</SignalWindow>
<SignalWindow id="SIGWDW17" insideDiagram="TRUE">
<ConnectorReference linkId="LINK139" isFrom="FALSE"/>
<Connections>
<Connection name="(cMundo)"/>
</Connections>
</SignalWindow>
<SignalWindow id="SIGWDW18" insideDiagram="TRUE">
<ConnectorReference linkId="LINK149" isFrom="FALSE"/>
<Connections>
<Connection name="(cDispositivos)"/>
</Connections>
<SentSignals>
<SignalReference id="SIG5"/>
<SignalReference id="SIG6"/>
</SentSignals>
<ReceivedSignals>
<SignalReference id="SIG2"/>
<SignalReference id="SIG3"/>
<SignalReference id="SIG4"/>
</ReceivedSignals>
</SignalWindow>
<Channel name="(cMundoSoporte)" fromSignalWindow="SIGWDW1" toSignalWindow="SIGWDW16"/>
<Channel name="(cSerAdmin)" fromSignalWindow="SIGWDW15" toSignalWindow="SIGWDW2"/>
<Channel name="(cControlador)" fromSignalWindow="SIGWDW3" toSignalWindow="SIGWDW8"/>
<Channel name="(cControSer)" fromSignalWindow="SIGWDW4" toSignalWindow="SIGWDW13"/>
<Channel name="(cDispositivos)" fromSignalWindow="SIGWDW5" toSignalWindow="SIGWDW18"/>
<Channel name="(cDispoContro)" fromSignalWindow="SIGWDW6" toSignalWindow="SIGWDW7"/>
<Channel name="(cMundo)" fromSignalWindow="SIGWDW9" toSignalWindow="SIGWDW17"/>
<Channel name="(cSer_Nube)" fromSignalWindow="SIGWDW10" toSignalWindow="SIGWDW12"/>
<Channel name="(cAdministrativo)" fromSignalWindow="SIGWDW11" toSignalWindow="SIGWDW14"/>
</Item>
<Item id="ITEM2" type="block" name="Administrador" parentId="ITEM1" scope="none" minInstances="1" formalParameterOrder="-" isFormalParam="FALSE" isSyntype="FALSE">
<DefiningSymbols>
<SymbolReference symbolId="SYMB16"/>
</DefiningSymbols>
<UsingSymbols>
<SymbolReference symbolId="SYMB16"/>
</UsingSymbols>
<SignalWindow id="SIGWDW1" insideDiagram="FALSE">
<ConnectorReference linkId="LINK32" isFrom="TRUE"/>
</SignalWindow>
<SignalWindow id="SIGWDW2" insideDiagram="FALSE">
<ConnectorReference linkId="LINK135" isFrom="FALSE"/>
</SignalWindow>
</Item>
<Item id="ITEM3" type="process" name="Proceso_ControSer" parentId="ITEM1" scope="none" minInstances="1" formalParameterOrder="-" isFormalParam="FALSE" isSyntype="FALSE">
<DefiningSymbols>
<SymbolReference symbolId="SYMB24"/>
</DefiningSymbols>
<UsingSymbols>
<SymbolReference symbolId="SYMB24"/>
</UsingSymbols>
<SignalWindow id="SIGWDW4" insideDiagram="FALSE">
<ConnectorReference linkId="LINK146" isFrom="TRUE"/>
</SignalWindow>
<SignalWindow id="SIGWDW3" insideDiagram="FALSE">
<ConnectorReference linkId="LINK145" isFrom="TRUE"/>
<ReceivedSignals>
<SignalReference id="SIG1"/>
</ReceivedSignals>
</SignalWindow>
</Item>
<Item id="ITEM4" type="process" name="Proceso_DispoContro" parentId="ITEM1" scope="none" minInstances="1" formalParameterOrder="-" isFormalParam="FALSE" isSyntype="FALSE">
<DefiningSymbols>
<SymbolReference symbolId="SYMB23"/>
</DefiningSymbols>
<UsingSymbols>
<SymbolReference symbolId="SYMB23"/>
</UsingSymbols>
<SignalWindow id="SIGWDW5" insideDiagram="FALSE">
<ConnectorReference linkId="LINK149" isFrom="TRUE"/>
<SentSignals>
<SignalReference id="SIG2"/>
<SignalReference id="SIG3"/>
<SignalReference id="SIG4"/>
</SentSignals>
<ReceivedSignals>
<SignalReference id="SIG5"/>
<SignalReference id="SIG6"/>
</ReceivedSignals>
</SignalWindow>
<SignalWindow id="SIGWDW6" insideDiagram="FALSE">
<ConnectorReference linkId="LINK150" isFrom="TRUE"/>
<SentSignals>
<SignalReference id="SIG5"/>
<SignalReference id="SIG6"/>
<SignalReference id="SIG4"/>
</SentSignals>
<ReceivedSignals>
<SignalReference id="SIG5"/>
<SignalReference id="SIG6"/>
<SignalReference id="SIG4"/>
</ReceivedSignals>
</SignalWindow>
</Item>
<Item id="ITEM5" type="block" name="Controlador" parentId="ITEM1" scope="none" minInstances="1" formalParameterOrder="-" isFormalParam="FALSE" isSyntype="FALSE">
<DefiningSymbols>
<SymbolReference symbolId="SYMB14"/>
</DefiningSymbols>
<UsingSymbols>
<SymbolReference symbolId="SYMB14"/>
</UsingSymbols>
<SignalWindow id="SIGWDW7" insideDiagram="FALSE">
<ConnectorReference linkId="LINK150" isFrom="FALSE"/>
<SentSignals>
<SignalReference id="SIG5"/>
<SignalReference id="SIG6"/>
<SignalReference id="SIG4"/>
</SentSignals>
<ReceivedSignals>
<SignalReference id="SIG5"/>
<SignalReference id="SIG6"/>
<SignalReference id="SIG4"/>
</ReceivedSignals>
</SignalWindow>
<SignalWindow id="SIGWDW8" insideDiagram="FALSE">
<ConnectorReference linkId="LINK145" isFrom="FALSE"/>
<SentSignals>
<SignalReference id="SIG1"/>
</SentSignals>
</SignalWindow>
</Item>
<Item id="ITEM6" type="block" name="Nube" parentId="ITEM1" scope="none" minInstances="1" formalParameterOrder="-" isFormalParam="FALSE" isSyntype="FALSE">
<DefiningSymbols>
<SymbolReference symbolId="SYMB17"/>
</DefiningSymbols>
<UsingSymbols>
<SymbolReference symbolId="SYMB17"/>
</UsingSymbols>
<SignalWindow id="SIGWDW9" insideDiagram="FALSE">
<ConnectorReference linkId="LINK139" isFrom="TRUE"/>
</SignalWindow>
<SignalWindow id="SIGWDW10" insideDiagram="FALSE">
<ConnectorReference linkId="LINK140" isFrom="TRUE"/>
</SignalWindow>
</Item>
<Item id="ITEM7" type="block" name="Servidor" parentId="ITEM1" scope="none" minInstances="1" formalParameterOrder="-" isFormalParam="FALSE" isSyntype="FALSE">
<DefiningSymbols>
<SymbolReference symbolId="SYMB15"/>
</DefiningSymbols>
<UsingSymbols>
<SymbolReference symbolId="SYMB15"/>
</UsingSymbols>
<SignalWindow id="SIGWDW12" insideDiagram="FALSE">
<ConnectorReference linkId="LINK140" isFrom="FALSE"/>
</SignalWindow>
<SignalWindow id="SIGWDW13" insideDiagram="FALSE">
<ConnectorReference linkId="LINK146" isFrom="FALSE"/>
</SignalWindow>
<SignalWindow id="SIGWDW11" insideDiagram="FALSE">
<ConnectorReference linkId="LINK141" isFrom="TRUE"/>
</SignalWindow>
</Item>
<Item id="ITEM8" type="process" name="Proceso_SerAdmi" parentId="ITEM1" scope="none" minInstances="1" formalParameterOrder="-" isFormalParam="FALSE" isSyntype="FALSE">
<DefiningSymbols>
<SymbolReference symbolId="SYMB25"/>
</DefiningSymbols>
<UsingSymbols>
<SymbolReference symbolId="SYMB25"/>
</UsingSymbols>
<SignalWindow id="SIGWDW14" insideDiagram="FALSE">
<ConnectorReference linkId="LINK141" isFrom="FALSE"/>
</SignalWindow>
<SignalWindow id="SIGWDW15" insideDiagram="FALSE">
<ConnectorReference linkId="LINK135" isFrom="TRUE"/>
</SignalWindow>
</Item>
</DictionaryObjects>
